member;reserve
4Sg9m3bGeQbZhc8GXYy3WRbmzxZikgaWF663znboEJXB;1
AjebCV2NRp8uRAK9NutFygof4QtcDYf3LeS8v2PpNC7g;1
GourfpywpR4SmHqb9LagpEnAmY2waQ5pEb1fwPGPWBFC;1
4RiGwq8xMoMUgtkyoxiQnjXu7LL8DXXSaCdKMThVVpns;1
9Kc2VD8EQEnDHvSoVbvbsxXtw2CFGma8cMhnE3m2ZUiC;1
Ftge1dwkS4vFZikHnUBBVW39Ju9BRwNiqskHt72uSKpP;1
ABcLaWCRDQraAXmA8vmsQL36GkzsWR9FBjJLfUJiK9E5;1
46oT8bkFw94tutNeBDFhDqdqfmf6XE5KSts6JvrGVLAa;1
BZ1V5kTiZtpswaiwm85VsEwKpTSP3YmUv1ELujz4FA4m;1
E2rdSbFuqZypWpZQ6FW3jamj9DjDjsTouVFs7LEJGm4i;1
BW7GH1TMJuVeKFLo7ecPc5sjrwHWTdsHZnR5KNtGaLz3;1
EjYxT1DR1NHVPLdtKLQHDt2MhG62DBmueCFrqjNP3NXp;1
